{"stats":{"minecraft:crafted":{"minecraft:white_bed":244},"minecraft:used":{"minecraft:blue_terracotta":194,"minecraft:end_stone_bricks":112,"minecraft:nether_brick_wall":14,"minecraft:red_sand":4,"minecraft:sandstone_stairs":11,"minecraft:red_concrete":41,"minecraft:ender_pearl":68,"minecraft:ender_chest":2,"minecraft:stone":50,"minecraft:redstone_block":40,"minecraft:end_stone_brick_slab":20,"minecraft:smooth_sandstone_stairs":26,"minecraft:purpur_pillar":4,"minecraft:structure_block":138,"minecraft:torch":2,"minecraft:respawn_anchor":12,"minecraft:end_stone_brick_wall":78,"minecraft:dark_oak_trapdoor":23,"minecraft:anvil":1,"minecraft:comparator":1,"minecraft:light_blue_concrete":44,"minecraft:crafting_table":51,"minecraft:nether_bricks":476,"minecraft:nether_brick_slab":95,"minecraft:white_bed":510,"minecraft:purple_terracotta":1,"minecraft:end_stone":634,"minecraft:blue_concrete":4,"minecraft:warped_planks":4,"minecraft:obsidian":253,"minecraft:purple_stained_glass_pane":40,"minecraft:brown_terracotta":24,"minecraft:black_terracotta":24,"minecraft:lever":3,"minecraft:crimson_button":1,"minecraft:ender_eye":8,"minecraft:black_concrete":5,"minecraft:black_wool":1,"minecraft:quartz_pillar":4,"minecraft:crying_obsidian":174,"minecraft:command_block":23,"minecraft:smooth_sandstone":185,"minecraft:stone_button":7,"minecraft:cyan_concrete":4,"minecraft:polished_granite":1,"minecraft:dark_oak_button":5,"minecraft:gravel":421,"minecraft:crimson_planks":44,"minecraft:crimson_sign":270,"minecraft:stone_axe":117,"minecraft:bedrock":37,"minecraft:purple_concrete":4,"minecraft:glowstone":3,"minecraft:end_crystal":8,"minecraft:chain_command_block":13,"minecraft:oak_boat":2,"minecraft:end_portal_frame":8,"minecraft:polished_blackstone_button":12,"minecraft:crimson_pressure_plate":1,"minecraft:end_stone_brick_stairs":36,"minecraft:warped_button":4,"minecraft:golden_pickaxe":17},"minecraft:killed":{"minecraft:ender_dragon":4},"minecraft:picked_up":{"minecraft:crimson_sign":6,"minecraft:end_stone":3,"minecraft:torch":27,"minecraft:gravel":1,"minecraft:stone_button":1,"minecraft:warped_button":1,"minecraft:crying_obsidian":1,"minecraft:command_block":1,"minecraft:stone_axe":1,"minecraft:nether_bricks":10},"minecraft:mined":{"minecraft:crafting_table":1,"minecraft:nether_bricks":17,"minecraft:wall_torch":37,"minecraft:fire":84,"minecraft:gravel":2,"minecraft:crimson_wall_sign":2},"minecraft:custom":{"minecraft:interact_with_anvil":1,"minecraft:mob_kills":4,"minecraft:interact_with_crafting_table":51,"minecraft:play_one_minute":768979,"minecraft:leave_game":230,"minecraft:time_since_death":3099,"minecraft:time_since_rest":3100,"minecraft:walk_one_cm":1140207,"minecraft:sprint_one_cm":415452,"minecraft:open_enderchest":49,"minecraft:damage_taken":9675,"minecraft:drop":3,"minecraft:damage_dealt":9,"minecraft:fly_one_cm":4437608,"minecraft:crouch_one_cm":96004,"minecraft:sneak_time":60736,"minecraft:deaths":20,"minecraft:jump":5968,"minecraft:fall_one_cm":78730},"minecraft:dropped":{"minecraft:stone_axe":1,"minecraft:command_block":1,"minecraft:crying_obsidian":1},"minecraft:killed_by":{"minecraft:enderman":1,"minecraft:ender_dragon":5}},"DataVersion":2567}